,trial_id,trial_status,completion_date,secondary_ids
0,IRCT20200310046736N1,Not yet recruiting,,"<div class=""section"">
<h3 id=""trial-secondary_id"">Secondary Ids</h3>
<div class=""section-inner"">
<div class=""empty-section"">
		empty	</div>
</div>
</div>"
1,IRCT20151113025025N3,recruiting,,"<div class=""section"">
<h3 id=""trial-secondary_id"">Secondary Ids</h3>
<div class=""section-inner"">
<div class=""empty-section"">
		empty	</div>
</div>
</div>"
2,IRCT20100228003449N30,Recruitment complete,,"<div class=""section"">
<h3 id=""trial-secondary_id"">Secondary Ids</h3>
<div class=""section-inner"">
<div class=""empty-section"">
		empty	</div>
</div>
</div>"
3,IRCT20100228003449N28,Recruitment complete,,"<div class=""section"">
<h3 id=""trial-secondary_id"">Secondary Ids</h3>
<div class=""section-inner"">
<div class=""empty-section"">
		empty	</div>
</div>
</div>"
4,IRCT20100228003449N27,Recruitment complete,,"<div class=""section"">
<h3 id=""trial-secondary_id"">Secondary Ids</h3>
<div class=""section-inner"">
<div class=""empty-section"">
		empty	</div>
</div>
</div>"
5,IRCT20200316046792N1,Recruitment complete,,"<div class=""section"">
<h3 id=""trial-secondary_id"">Secondary Ids</h3>
<div class=""section-inner"">
<div class=""empty-section"">
		empty	</div>
</div>
</div>"
6,IRCT20151227025726N12,Recruitment complete,,"<div class=""section"">
<h3 id=""trial-secondary_id"">Secondary Ids</h3>
<div class=""section-inner"">
<div class=""empty-section"">
		empty	</div>
</div>
</div>"
7,IRCT20170117032004N3,recruiting,,"<div class=""section"">
<h3 id=""trial-secondary_id"">Secondary Ids</h3>
<div class=""section-inner"">
<div class=""empty-section"">
		empty	</div>
</div>
</div>"
8,IRCT20100228003449N29,Recruitment complete,,"<div class=""section"">
<h3 id=""trial-secondary_id"">Secondary Ids</h3>
<div class=""section-inner"">
<div class=""empty-section"">
		empty	</div>
</div>
</div>"
9,IRCT20200317046797N1,Recruitment complete,,"<div class=""section"">
<h3 id=""trial-secondary_id"">Secondary Ids</h3>
<div class=""section-inner"">
<div class=""empty-section"">
		empty	</div>
</div>
</div>"
10,IRCT20160625028622N1,Recruitment complete,,"<div class=""section"">
<h3 id=""trial-secondary_id"">Secondary Ids</h3>
<div class=""section-inner"">
<div class=""empty-section"">
		empty	</div>
</div>
</div>"
11,IRCT20120826010664N6,Recruitment complete,,"<div class=""section"">
<h3 id=""trial-secondary_id"">Secondary Ids</h3>
<div class=""section-inner"">
<div class=""empty-section"">
		empty	</div>
</div>
</div>"
12,IRCT20131113015393N6,Recruitment complete,,"<div class=""section"">
<h3 id=""trial-secondary_id"">Secondary Ids</h3>
<div class=""section-inner"">
<div class=""empty-section"">
		empty	</div>
</div>
</div>"
13,IRCT20140528017891N8,Recruitment complete,,"<div class=""section"">
<h3 id=""trial-secondary_id"">Secondary Ids</h3>
<div class=""section-inner"">
<div class=""empty-section"">
		empty	</div>
</div>
</div>"
14,IRCT20200321046828N1,Recruitment complete,,"<div class=""section"">
<h3 id=""trial-secondary_id"">Secondary Ids</h3>
<div class=""section-inner"">
<div class=""empty-section"">
		empty	</div>
</div>
</div>"
15,IRCT20190727044343N1,Recruitment complete,2020-04-09,"<div class=""section"">
<h3 id=""trial-secondary_id"">Secondary Ids</h3>
<div class=""section-inner"">
<div class=""empty-section"">
		empty	</div>
</div>
</div>"
16,IRCT20140617018126N2,Recruitment complete,,"<div class=""section"">
<h3 id=""trial-secondary_id"">Secondary Ids</h3>
<div class=""section-inner"">
<div class=""empty-section"">
		empty	</div>
</div>
</div>"
17,IRCT20150914024017N1,recruiting,,"<div class=""section"">
<h3 id=""trial-secondary_id"">Secondary Ids</h3>
<div class=""section-inner"">
<div class=""empty-section"">
		empty	</div>
</div>
</div>"
18,IRCT20140911019125N6,recruiting,,"<div class=""section"">
<h3 id=""trial-secondary_id"">Secondary Ids</h3>
<div class=""section-inner"">
<div class=""empty-section"">
		empty	</div>
</div>
</div>"
19,IRCT20160316027081N1,Recruitment complete,,"<div class=""section"">
<h3 id=""trial-secondary_id"">Secondary Ids</h3>
<div class=""section-inner"">
<div class=""empty-section"">
		empty	</div>
</div>
</div>"
20,IRCT20151227025726N13,Recruitment complete,,"<div class=""section"">
<h3 id=""trial-secondary_id"">Secondary Ids</h3>
<div class=""section-inner"">
<div class=""empty-section"">
		empty	</div>
</div>
</div>"
21,IRCT20160310026998N11,Recruitment complete,,"<div class=""section"">
<h3 id=""trial-secondary_id"">Secondary Ids</h3>
<div class=""section-inner"">
<div class=""empty-section"">
		empty	</div>
</div>
</div>"
22,IRCT20160310026998N10,Recruitment complete,,"<div class=""section"">
<h3 id=""trial-secondary_id"">Secondary Ids</h3>
<div class=""section-inner"">
<div class=""empty-section"">
		empty	</div>
</div>
</div>"
23,IRCT20180610040049N3,Recruitment complete,,"<div class=""section"">
<h3 id=""trial-secondary_id"">Secondary Ids</h3>
<div class=""section-inner"">
<div class=""empty-section"">
		empty	</div>
</div>
</div>"
24,IRCT20200324046847N1,Recruitment complete,,"<div class=""section"">
<h3 id=""trial-secondary_id"">Secondary Ids</h3>
<div class=""section-inner"">
<div class=""empty-section"">
		empty	</div>
</div>
</div>"
25,IRCT20140907019073N4,recruiting,,"<div class=""section"">
<h3 id=""trial-secondary_id"">Secondary Ids</h3>
<div class=""section-inner"">
<div class=""empty-section"">
		empty	</div>
</div>
</div>"
26,IRCT20200324046850N5,Recruitment complete,,"<div class=""section"">
<h3 id=""trial-secondary_id"">Secondary Ids</h3>
<div class=""section-inner"">
<div class=""empty-section"">
		empty	</div>
</div>
</div>"
27,IRCT20200325046860N1,recruiting,,"<div class=""section"">
<h3 id=""trial-secondary_id"">Secondary Ids</h3>
<div class=""section-inner"">
<div class=""empty-section"">
		empty	</div>
</div>
</div>"
28,IRCT20101219005416N2,Recruitment complete,,"<div class=""section"">
<h3 id=""trial-secondary_id"">Secondary Ids</h3>
<div class=""section-inner"">
<div class=""empty-section"">
		empty	</div>
</div>
</div>"
29,IRCT20200317046797N2,Recruitment complete,,"<div class=""section"">
<h3 id=""trial-secondary_id"">Secondary Ids</h3>
<div class=""section-inner"">
<div class=""empty-section"">
		empty	</div>
</div>
</div>"
30,IRCT20200325046860N2,Recruitment complete,2020-04-29,"<div class=""section"">
<h3 id=""trial-secondary_id"">Secondary Ids</h3>
<div class=""section-inner"">
<div class=""empty-section"">
		empty	</div>
</div>
</div>"
31,IRCT20170611034452N11,Recruitment complete,,"<div class=""section"">
<h3 id=""trial-secondary_id"">Secondary Ids</h3>
<div class=""section-inner"">
<div class=""empty-section"">
		empty	</div>
</div>
</div>"
32,IRCT20190917044805N2,recruiting,,"<div class=""section"">
<h3 id=""trial-secondary_id"">Secondary Ids</h3>
<div class=""section-inner"">
<div class=""empty-section"">
		empty	</div>
</div>
</div>"
33,IRCT20120225009124N4,Recruitment complete,,"<div class=""section"">
<h3 id=""trial-secondary_id"">Secondary Ids</h3>
<div class=""section-inner"">
<div class=""empty-section"">
		empty	</div>
</div>
</div>"
34,IRCT20180802040678N4,Recruitment complete,,"<div class=""section"">
<h3 id=""trial-secondary_id"">Secondary Ids</h3>
<div class=""section-inner"">
<div class=""empty-section"">
		empty	</div>
</div>
</div>"
35,IRCT20150704023055N2,Recruitment complete,,"<div class=""section"">
<h3 id=""trial-secondary_id"">Secondary Ids</h3>
<div class=""section-inner"">
<div class=""empty-section"">
		empty	</div>
</div>
</div>"
36,IRCT20200319046819N1,recruiting,,"<div class=""section"">
<h3 id=""trial-secondary_id"">Secondary Ids</h3>
<div class=""section-inner"">
<div class=""empty-section"">
		empty	</div>
</div>
</div>"
37,IRCT20200314046764N1,Recruitment complete,,"<div class=""section"">
<h3 id=""trial-secondary_id"">Secondary Ids</h3>
<div class=""section-inner"">
<div class=""empty-section"">
		empty	</div>
</div>
</div>"
38,IRCT20150303021315N17,recruiting,,"<div class=""section"">
<h3 id=""trial-secondary_id"">Secondary Ids</h3>
<div class=""section-inner"">
<div class=""empty-section"">
		empty	</div>
</div>
</div>"
39,IRCT20200312046749N1,recruiting,,"<div class=""section"">
<h3 id=""trial-secondary_id"">Secondary Ids</h3>
<div class=""section-inner"">
<div class=""empty-section"">
		empty	</div>
</div>
</div>"
40,IRCT20190727044343N2,Recruitment complete,,"<div class=""section"">
<h3 id=""trial-secondary_id"">Secondary Ids</h3>
<div class=""section-inner"">
<div class=""empty-section"">
		empty	</div>
</div>
</div>"
41,IRCT20171122037571N2,Recruitment complete,,"<div class=""section"">
<h3 id=""trial-secondary_id"">Secondary Ids</h3>
<div class=""section-inner"">
<div class=""empty-section"">
		empty	</div>
</div>
</div>"
42,IRCT20200324046850N2,Recruitment complete,,"<div class=""section"">
<h3 id=""trial-secondary_id"">Secondary Ids</h3>
<div class=""section-inner"">
<div class=""empty-section"">
		empty	</div>
</div>
</div>"
43,IRCT20200323046841N1,Recruitment complete,,"<div class=""section"">
<h3 id=""trial-secondary_id"">Secondary Ids</h3>
<div class=""section-inner"">
<div class=""empty-section"">
		empty	</div>
</div>
</div>"
44,IRCT20200322046833N1,Recruitment complete,,"<div class=""section"">
<h3 id=""trial-secondary_id"">Secondary Ids</h3>
<div class=""section-inner"">
<div class=""empty-section"">
		empty	</div>
</div>
</div>"
45,IRCT20160131026298N2,Recruitment complete,2020-03-24,"<div class=""section"">
<h3 id=""trial-secondary_id"">Secondary Ids</h3>
<div class=""section-inner"">
<div class=""empty-section"">
		empty	</div>
</div>
</div>"
46,IRCT20190804044429N1,Recruitment complete,,"<div class=""section"">
<h3 id=""trial-secondary_id"">Secondary Ids</h3>
<div class=""section-inner"">
<div class=""empty-section"">
		empty	</div>
</div>
</div>"
47,IRCT20160313027033N2,Recruitment complete,,"<div class=""section"">
<h3 id=""trial-secondary_id"">Secondary Ids</h3>
<div class=""section-inner"">
<div class=""empty-section"">
		empty	</div>
</div>
</div>"
48,IRCT20200204046369N1,Recruitment complete,,"<div class=""section"">
<h3 id=""trial-secondary_id"">Secondary Ids</h3>
<div class=""section-inner"">
<div class=""empty-section"">
		empty	</div>
</div>
</div>"
49,IRCT20180712040449N2,Recruitment complete,,"<div class=""section"">
<h3 id=""trial-secondary_id"">Secondary Ids</h3>
<div class=""section-inner"">
<div class=""empty-section"">
		empty	</div>
</div>
</div>"
50,IRCT20130812014333N145,recruiting,,"<div class=""section"">
<h3 id=""trial-secondary_id"">Secondary Ids</h3>
<div class=""section-inner"">
<div class=""empty-section"">
		empty	</div>
</div>
</div>"
51,IRCT20200325046859N1,Recruitment complete,,"<div class=""section"">
<h3 id=""trial-secondary_id"">Secondary Ids</h3>
<div class=""section-inner"">
<div class=""empty-section"">
		empty	</div>
</div>
</div>"
52,IRCT20161204031229N3,Recruitment complete,,"<div class=""section"">
<h3 id=""trial-secondary_id"">Secondary Ids</h3>
<div class=""section-inner"">
<div class=""empty-section"">
		empty	</div>
</div>
</div>"
53,IRCT20151228025732N51,Recruitment complete,,"<div class=""section"">
<h3 id=""trial-secondary_id"">Secondary Ids</h3>
<div class=""section-inner"">
<div class=""empty-section"">
		empty	</div>
</div>
</div>"
54,IRCT20130917014693N10,Recruitment complete,,"<div class=""section"">
<h3 id=""trial-secondary_id"">Secondary Ids</h3>
<div class=""section-inner"">
<div class=""empty-section"">
		empty	</div>
</div>
</div>"
55,IRCT20180610040049N4,Recruitment complete,,"<div class=""section"">
<h3 id=""trial-secondary_id"">Secondary Ids</h3>
<div class=""section-inner"">
<div class=""empty-section"">
		empty	</div>
</div>
</div>"
56,IRCT20130812014333N147,Recruitment complete,,"<div class=""section"">
<h3 id=""trial-secondary_id"">Secondary Ids</h3>
<div class=""section-inner"">
<div class=""empty-section"">
		empty	</div>
</div>
</div>"
57,IRCT20081019001369N2,recruiting,,"<div class=""section"">
<h3 id=""trial-secondary_id"">Secondary Ids</h3>
<div class=""section-inner"">
<div class=""empty-section"">
		empty	</div>
</div>
</div>"
58,IRCT20200402046923N1,Recruitment complete,,"<div class=""section"">
<h3 id=""trial-secondary_id"">Secondary Ids</h3>
<div class=""section-inner"">
<div class=""empty-section"">
		empty	</div>
</div>
</div>"
59,IRCT20200328046886N1,Recruitment complete,2020-05-04,"<div class=""section"">
<h3 id=""trial-secondary_id"">Secondary Ids</h3>
<div class=""section-inner"">
<div class=""empty-section"">
		empty	</div>
</div>
</div>"
60,IRCT20131215015805N2,Recruitment complete,,"<div class=""section"">
<h3 id=""trial-secondary_id"">Secondary Ids</h3>
<div class=""section-inner"">
<div class=""empty-section"">
		empty	</div>
</div>
</div>"
61,IRCT20200404046933N1,recruiting,,"<div class=""section"">
<h3 id=""trial-secondary_id"">Secondary Ids</h3>
<div class=""section-inner"">
<div class=""empty-section"">
		empty	</div>
</div>
</div>"
62,IRCT20200404046937N1,Recruitment complete,,"<div class=""section"">
<h3 id=""trial-secondary_id"">Secondary Ids</h3>
<div class=""section-inner"">
<div class=""empty-section"">
		empty	</div>
</div>
</div>"
63,IRCT20080901001157N16,Recruitment complete,,"<div class=""section"">
<h3 id=""trial-secondary_id"">Secondary Ids</h3>
<div class=""section-inner"">
<div class=""empty-section"">
		empty	</div>
</div>
</div>"
64,IRCT20200404046934N1,Recruitment complete,,"<div class=""section"">
<h3 id=""trial-secondary_id"">Secondary Ids</h3>
<div class=""section-inner"">
<div class=""empty-section"">
		empty	</div>
</div>
</div>"
65,IRCT20200403046926N1,Recruitment complete,,"<div class=""section"">
<h3 id=""trial-secondary_id"">Secondary Ids</h3>
<div class=""section-inner"">
<div class=""empty-section"">
		empty	</div>
</div>
</div>"
66,IRCT20151228025732N53,Recruitment complete,,"<div class=""section"">
<h3 id=""trial-secondary_id"">Secondary Ids</h3>
<div class=""section-inner"">
<div class=""empty-section"">
		empty	</div>
</div>
</div>"
67,IRCT20130306012728N8,recruiting,,"<div class=""section"">
<h3 id=""trial-secondary_id"">Secondary Ids</h3>
<div class=""section-inner"">
<div class=""empty-section"">
		empty	</div>
</div>
</div>"
68,IRCT20180429039463N2,Recruitment complete,,"<div class=""section"">
<h3 id=""trial-secondary_id"">Secondary Ids</h3>
<div class=""section-inner"">
<div class=""empty-section"">
		empty	</div>
</div>
</div>"
69,IRCT20200404046935N1,Recruitment complete,,"<div class=""section"">
<h3 id=""trial-secondary_id"">Secondary Ids</h3>
<div class=""section-inner"">
<div class=""empty-section"">
		empty	</div>
</div>
</div>"
70,IRCT20151227025726N14,recruiting,,"<div class=""section"">
<h3 id=""trial-secondary_id"">Secondary Ids</h3>
<div class=""section-inner"">
<div class=""empty-section"">
		empty	</div>
</div>
</div>"
71,IRCT20200405046958N1,Recruitment complete,,"<div class=""section"">
<h3 id=""trial-secondary_id"">Secondary Ids</h3>
<div class=""section-inner"">
<div class=""empty-section"">
		empty	</div>
</div>
</div>"
72,IRCT20200406046965N1,recruiting,,"<div class=""section"">
<h3 id=""trial-secondary_id"">Secondary Ids</h3>
<div class=""section-inner"">
<div class=""empty-section"">
		empty	</div>
</div>
</div>"
73,IRCT20200405046960N1,Recruitment complete,,"<div class=""section"">
<h3 id=""trial-secondary_id"">Secondary Ids</h3>
<div class=""section-inner"">
<div class=""empty-section"">
		empty	</div>
</div>
</div>"
74,IRCT20200318046812N2,recruiting,,"<div class=""section"">
<h3 id=""trial-secondary_id"">Secondary Ids</h3>
<div class=""section-inner"">
<div class=""empty-section"">
		empty	</div>
</div>
</div>"
75,IRCT20200317046797N4,Recruitment complete,,"<div class=""section"">
<h3 id=""trial-secondary_id"">Secondary Ids</h3>
<div class=""section-inner"">
<div class=""empty-section"">
		empty	</div>
</div>
</div>"
76,IRCT20200404046948N1,Recruitment complete,,"<div class=""section"">
<h3 id=""trial-secondary_id"">Secondary Ids</h3>
<div class=""section-inner"">
<div class=""empty-section"">
		empty	</div>
</div>
</div>"
77,IRCT20180520039738N2,Recruitment complete,,"<div class=""section"">
<h3 id=""trial-secondary_id"">Secondary Ids</h3>
<div class=""section-inner"">
<div class=""empty-section"">
		empty	</div>
</div>
</div>"
78,IRCT20081019001369N4,recruiting,,"<div class=""section"">
<h3 id=""trial-secondary_id"">Secondary Ids</h3>
<div class=""section-inner"">
<div class=""empty-section"">
		empty	</div>
</div>
</div>"
79,IRCT20081019001369N3,recruiting,,"<div class=""section"">
<h3 id=""trial-secondary_id"">Secondary Ids</h3>
<div class=""section-inner"">
<div class=""empty-section"">
		empty	</div>
</div>
</div>"
80,IRCT20200408046992N1,recruiting,,"<div class=""section"">
<h3 id=""trial-secondary_id"">Secondary Ids</h3>
<div class=""section-inner"">
<div class=""empty-section"">
		empty	</div>
</div>
</div>"
81,IRCT20200408046987N1,Recruitment complete,,"<div class=""section"">
<h3 id=""trial-secondary_id"">Secondary Ids</h3>
<div class=""section-inner"">
<div class=""empty-section"">
		empty	</div>
</div>
</div>"
82,IRCT20180129038542N1,Recruitment complete,2020-04-13,"<div class=""section"">
<h3 id=""trial-secondary_id"">Secondary Ids</h3>
<div class=""section-inner"">
<div class=""empty-section"">
		empty	</div>
</div>
</div>"
83,IRCT20200317046797N3,recruiting,,"<div class=""section"">
<h3 id=""trial-secondary_id"">Secondary Ids</h3>
<div class=""section-inner"">
<div class=""empty-section"">
		empty	</div>
</div>
</div>"
84,IRCT20200317046797N5,recruiting,,"<div class=""section"">
<h3 id=""trial-secondary_id"">Secondary Ids</h3>
<div class=""section-inner"">
<div class=""empty-section"">
		empty	</div>
</div>
</div>"
85,IRCT20200404046937N2,Recruitment complete,,"<div class=""section"">
<h3 id=""trial-secondary_id"">Secondary Ids</h3>
<div class=""section-inner"">
<div class=""empty-section"">
		empty	</div>
</div>
</div>"
86,IRCT20180923041093N5,Recruitment complete,,"<div class=""section"">
<h3 id=""trial-secondary_id"">Secondary Ids</h3>
<div class=""section-inner"">
<div class=""empty-section"">
		empty	</div>
</div>
</div>"
87,IRCT20160131026298N3,Recruitment complete,,"<div class=""section"">
<h3 id=""trial-secondary_id"">Secondary Ids</h3>
<div class=""section-inner"">
<div class=""empty-section"">
		empty	</div>
</div>
</div>"
88,IRCT20200406046968N1,Recruitment complete,,"<div class=""section"">
<h3 id=""trial-secondary_id"">Secondary Ids</h3>
<div class=""section-inner"">
<div class=""empty-section"">
		empty	</div>
</div>
</div>"
89,IRCT20150808023559N20,recruiting,,"<div class=""section"">
<h3 id=""trial-secondary_id"">Secondary Ids</h3>
<div class=""section-inner"">
<div class=""empty-section"">
		empty	</div>
</div>
</div>"
90,IRCT20130616013690N7,Recruitment complete,,"<div class=""section"">
<h3 id=""trial-secondary_id"">Secondary Ids</h3>
<div class=""section-inner"">
<div class=""empty-section"">
		empty	</div>
</div>
</div>"
91,IRCT20200410047009N1,recruiting,,"<div class=""section"">
<h3 id=""trial-secondary_id"">Secondary Ids</h3>
<div class=""section-inner"">
<div class=""empty-section"">
		empty	</div>
</div>
</div>"
92,IRCT20200409047007N1,recruiting,,"<div class=""section"">
<h3 id=""trial-secondary_id"">Secondary Ids</h3>
<div class=""section-inner"">
<div class=""empty-section"">
		empty	</div>
</div>
</div>"
93,IRCT20200408046990N1,recruiting,,"<div class=""section"">
<h3 id=""trial-secondary_id"">Secondary Ids</h3>
<div class=""section-inner"">
<div class=""empty-section"">
		empty	</div>
</div>
</div>"
94,IRCT20200217046526N2,Recruitment complete,,"<div class=""section"">
<h3 id=""trial-secondary_id"">Secondary Ids</h3>
<div class=""section-inner"">
<div class=""empty-section"">
		empty	</div>
</div>
</div>"
95,IRCT20200411047025N1,Recruitment complete,,"<div class=""section"">
<h3 id=""trial-secondary_id"">Secondary Ids</h3>
<div class=""section-inner"">
<div class=""empty-section"">
		empty	</div>
</div>
</div>"
96,IRCT20080901001165N46,recruiting,,"<div class=""section"">
<h3 id=""trial-secondary_id"">Secondary Ids</h3>
<div class=""section-inner"">
<div class=""empty-section"">
		empty	</div>
</div>
</div>"
97,IRCT20200406046963N1,Recruitment complete,,"<div class=""section"">
<h3 id=""trial-secondary_id"">Secondary Ids</h3>
<div class=""section-inner"">
<div class=""empty-section"">
		empty	</div>
</div>
</div>"
98,IRCT20190122042450N4,Recruitment complete,,"<div class=""section"">
<h3 id=""trial-secondary_id"">Secondary Ids</h3>
<div class=""section-inner"">
<div class=""empty-section"">
		empty	</div>
</div>
</div>"
99,IRCT20200411047030N1,Recruitment complete,,"<div class=""section"">
<h3 id=""trial-secondary_id"">Secondary Ids</h3>
<div class=""section-inner"">
<div class=""empty-section"">
		empty	</div>
</div>
</div>"
100,IRCT20200406046968N2,recruiting,,"<div class=""section"">
<h3 id=""trial-secondary_id"">Secondary Ids</h3>
<div class=""section-inner"">
<div class=""empty-section"">
		empty	</div>
</div>
</div>"
101,IRCT20200413047053N1,recruiting,,"<div class=""section"">
<h3 id=""trial-secondary_id"">Secondary Ids</h3>
<div class=""section-inner"">
<div class=""empty-section"">
		empty	</div>
</div>
</div>"
102,IRCT20081019001369N5,recruiting,,"<div class=""section"">
<h3 id=""trial-secondary_id"">Secondary Ids</h3>
<div class=""section-inner"">
<div class=""empty-section"">
		empty	</div>
</div>
</div>"
103,IRCT20200408046988N1,Recruitment complete,,"<div class=""section"">
<h3 id=""trial-secondary_id"">Secondary Ids</h3>
<div class=""section-inner"">
<div class=""empty-section"">
		empty	</div>
</div>
</div>"
104,IRCT20200413047062N1,Recruitment complete,,"<div class=""section"">
<h3 id=""trial-secondary_id"">Secondary Ids</h3>
<div class=""section-inner"">
<div class=""empty-section"">
		empty	</div>
</div>
</div>"
105,IRCT20191125045492N2,Recruitment complete,,"<div class=""section"">
<h3 id=""trial-secondary_id"">Secondary Ids</h3>
<div class=""section-inner"">
<div class=""empty-section"">
		empty	</div>
</div>
</div>"
106,IRCT20200406046968N3,Recruitment complete,,"<div class=""section"">
<h3 id=""trial-secondary_id"">Secondary Ids</h3>
<div class=""section-inner"">
<div class=""empty-section"">
		empty	</div>
</div>
</div>"
107,IRCT20200413047063N1,Recruitment complete,,"<div class=""section"">
<h3 id=""trial-secondary_id"">Secondary Ids</h3>
<div class=""section-inner"">
<div class=""empty-section"">
		empty	</div>
</div>
</div>"
108,IRCT20200413047052N1,recruiting,,"<div class=""section"">
<h3 id=""trial-secondary_id"">Secondary Ids</h3>
<div class=""section-inner"">
<div class=""empty-section"">
		empty	</div>
</div>
</div>"
109,IRCT20200414047072N1,recruiting,,"<div class=""section"">
<h3 id=""trial-secondary_id"">Secondary Ids</h3>
<div class=""section-inner"">
<div class=""empty-section"">
		empty	</div>
</div>
</div>"
110,IRCT20200414047070N1,recruiting,,"<div class=""section"">
<h3 id=""trial-secondary_id"">Secondary Ids</h3>
<div class=""section-inner"">
<div class=""empty-section"">
		empty	</div>
</div>
</div>"
111,IRCT20170210032478N3,Recruitment complete,,"<div class=""section"">
<h3 id=""trial-secondary_id"">Secondary Ids</h3>
<div class=""section-inner"">
<div class=""empty-section"">
		empty	</div>
</div>
</div>"
112,IRCT20200415047082N1,Recruitment complete,,"<div class=""section"">
<h3 id=""trial-secondary_id"">Secondary Ids</h3>
<div class=""section-inner"">
<div class=""empty-section"">
		empty	</div>
</div>
</div>"
113,IRCT20200413047056N1,Recruitment complete,,"<div class=""section"">
<h3 id=""trial-secondary_id"">Secondary Ids</h3>
<div class=""section-inner"">
<div class=""empty-section"">
		empty	</div>
</div>
</div>"
114,IRCT20200418047116N1,Recruitment complete,,"<div class=""section"">
<h3 id=""trial-secondary_id"">Secondary Ids</h3>
<div class=""section-inner"">
<div class=""empty-section"">
		empty	</div>
</div>
</div>"
115,IRCT20200415047089N1,Recruitment complete,,"<div class=""section"">
<h3 id=""trial-secondary_id"">Secondary Ids</h3>
<div class=""section-inner"">
<div class=""empty-section"">
		empty	</div>
</div>
</div>"
116,IRCT20200415047092N1,Recruitment complete,,"<div class=""section"">
<h3 id=""trial-secondary_id"">Secondary Ids</h3>
<div class=""section-inner"">
<div class=""empty-section"">
		empty	</div>
</div>
</div>"
117,IRCT20200416047104N1,Recruitment complete,,"<div class=""section"">
<h3 id=""trial-secondary_id"">Secondary Ids</h3>
<div class=""section-inner"">
<div class=""empty-section"">
		empty	</div>
</div>
</div>"
118,IRCT20200417047113N1,recruiting,,"<div class=""section"">
<h3 id=""trial-secondary_id"">Secondary Ids</h3>
<div class=""section-inner"">
<div class=""empty-section"">
		empty	</div>
</div>
</div>"
119,IRCT20200416047099N1,Recruitment complete,,"<div class=""section"">
<h3 id=""trial-secondary_id"">Secondary Ids</h3>
<div class=""section-inner"">
<div class=""empty-section"">
		empty	</div>
</div>
</div>"
120,IRCT20200418047122N1,Recruitment complete,,"<div class=""section"">
<h3 id=""trial-secondary_id"">Secondary Ids</h3>
<div class=""section-inner"">
<div class=""empty-section"">
		empty	</div>
</div>
</div>"
121,IRCT20200418047121N2,recruiting,,"<div class=""section"">
<h3 id=""trial-secondary_id"">Secondary Ids</h3>
<div class=""section-inner"">
<div class=""empty-section"">
		empty	</div>
</div>
</div>"
122,IRCT20140407017169N2,Recruitment complete,,"<div class=""section"">
<h3 id=""trial-secondary_id"">Secondary Ids</h3>
<div class=""section-inner"">
<div class=""empty-section"">
		empty	</div>
</div>
</div>"
123,IRCT20200329046892N1,Recruitment complete,,"<div class=""section"">
<h3 id=""trial-secondary_id"">Secondary Ids</h3>
<div class=""section-inner"">
<div class=""empty-section"">
		empty	</div>
</div>
</div>"
124,IRCT20080901001165N48,Recruitment complete,,"<div class=""section"">
<h3 id=""trial-secondary_id"">Secondary Ids</h3>
<div class=""section-inner"">
<div class=""empty-section"">
		empty	</div>
</div>
</div>"
125,IRCT20151222025660N2,Recruitment complete,,"<div class=""section"">
<h3 id=""trial-secondary_id"">Secondary Ids</h3>
<div class=""section-inner"">
<div class=""empty-section"">
		empty	</div>
</div>
</div>"
126,IRCT20200420047147N1,recruiting,,"<div class=""section"">
<h3 id=""trial-secondary_id"">Secondary Ids</h3>
<div class=""section-inner"">
<div class=""empty-section"">
		empty	</div>
</div>
</div>"
127,IRCT20200421047155N1,Recruitment complete,,"<div class=""section"">
<h3 id=""trial-secondary_id"">Secondary Ids</h3>
<div class=""section-inner"">
<div class=""empty-section"">
		empty	</div>
</div>
</div>"
128,IRCT20080901001165N49,Recruitment complete,,"<div class=""section"">
<h3 id=""trial-secondary_id"">Secondary Ids</h3>
<div class=""section-inner"">
<div class=""empty-section"">
		empty	</div>
</div>
</div>"
129,IRCT20200422047168N1,recruiting,,"<div class=""section"">
<h3 id=""trial-secondary_id"">Secondary Ids</h3>
<div class=""section-inner"">
<div class=""empty-section"">
		empty	</div>
</div>
</div>"
130,IRCT20200408046990N2,recruiting,,"<div class=""section"">
<h3 id=""trial-secondary_id"">Secondary Ids</h3>
<div class=""section-inner"">
<div class=""empty-section"">
		empty	</div>
</div>
</div>"
131,IRCT20180114038350N3,Recruitment complete,,"<div class=""section"">
<h3 id=""trial-secondary_id"">Secondary Ids</h3>
<div class=""section-inner"">
<div class=""empty-section"">
		empty	</div>
</div>
</div>"
132,IRCT20200426047206N1,recruiting,,"<div class=""section"">
<h3 id=""trial-secondary_id"">Secondary Ids</h3>
<div class=""section-inner"">
<div class=""empty-section"">
		empty	</div>
</div>
</div>"
133,IRCT20120215009014N353,Recruitment complete,,"<div class=""section"">
<h3 id=""trial-secondary_id"">Secondary Ids</h3>
<div class=""section-inner"">
<div class=""empty-section"">
		empty	</div>
</div>
</div>"
134,IRCT20140305016852N4,recruiting,,"<div class=""section"">
<h3 id=""trial-secondary_id"">Secondary Ids</h3>
<div class=""section-inner"">
<div class=""empty-section"">
		empty	</div>
</div>
</div>"
135,IRCT20180425039414N2,Recruitment complete,,"<div class=""section"">
<h3 id=""trial-secondary_id"">Secondary Ids</h3>
<div class=""section-inner"">
<div class=""empty-section"">
		empty	</div>
</div>
</div>"
136,IRCT20200427047215N1,recruiting,,"<div class=""section"">
<h3 id=""trial-secondary_id"">Secondary Ids</h3>
<div class=""section-inner"">
<div class=""empty-section"">
		empty	</div>
</div>
</div>"
137,IRCT20121216011763N46,Recruitment complete,,"<div class=""section"">
<h3 id=""trial-secondary_id"">Secondary Ids</h3>
<div class=""section-inner"">
<div class=""empty-section"">
		empty	</div>
</div>
</div>"
138,IRCT20200426047212N1,recruiting,,"<div class=""section"">
<h3 id=""trial-secondary_id"">Secondary Ids</h3>
<div class=""section-inner"">
<div class=""empty-section"">
		empty	</div>
</div>
</div>"
139,IRCT20080901001165N50,recruiting,,"<div class=""section"">
<h3 id=""trial-secondary_id"">Secondary Ids</h3>
<div class=""section-inner"">
<div class=""empty-section"">
		empty	</div>
</div>
</div>"
140,IRCT20080901001165N51,recruiting,,"<div class=""section"">
<h3 id=""trial-secondary_id"">Secondary Ids</h3>
<div class=""section-inner"">
<div class=""empty-section"">
		empty	</div>
</div>
</div>"
141,IRCT20200418047121N1,recruiting,,"<div class=""section"">
<h3 id=""trial-secondary_id"">Secondary Ids</h3>
<div class=""section-inner"">
<div class=""empty-section"">
		empty	</div>
</div>
</div>"
142,IRCT20150808023559N21,recruiting,,"<div class=""section"">
<h3 id=""trial-secondary_id"">Secondary Ids</h3>
<div class=""section-inner"">
<div class=""empty-section"">
		empty	</div>
</div>
</div>"
143,IRCT20200501047258N1,recruiting,,"<div class=""section"">
<h3 id=""trial-secondary_id"">Secondary Ids</h3>
<div class=""section-inner"">
<div class=""empty-section"">
		empty	</div>
</div>
</div>"
144,IRCT20131129015584N2,Recruitment complete,,"<div class=""section"">
<h3 id=""trial-secondary_id"">Secondary Ids</h3>
<div class=""section-inner"">
<div class=""empty-section"">
		empty	</div>
</div>
</div>"
145,IRCT20080901001165N52,Recruitment complete,,"<div class=""section"">
<h3 id=""trial-secondary_id"">Secondary Ids</h3>
<div class=""section-inner"">
<div class=""empty-section"">
		empty	</div>
</div>
</div>"
146,IRCT20160706028815N5,recruiting,,"<div class=""section"">
<h3 id=""trial-secondary_id"">Secondary Ids</h3>
<div class=""section-inner"">
<div class=""empty-section"">
		empty	</div>
</div>
</div>"
147,IRCT20171213037866N2,recruiting,,"<div class=""section"">
<h3 id=""trial-secondary_id"">Secondary Ids</h3>
<div class=""section-inner"">
<div class=""empty-section"">
		empty	</div>
</div>
</div>"
148,IRCT20200326046868N1,Recruitment complete,,"<div class=""section"">
<h3 id=""trial-secondary_id"">Secondary Ids</h3>
<div class=""section-inner"">
<div class=""empty-section"">
		empty	</div>
</div>
</div>"
149,IRCT20200508047346N1,recruiting,,"<div class=""section"">
<h3 id=""trial-secondary_id"">Secondary Ids</h3>
<div class=""section-inner"">
<div class=""empty-section"">
		empty	</div>
</div>
</div>"
150,IRCT20200509047366N1,recruiting,,"<div class=""section"">
<h3 id=""trial-secondary_id"">Secondary Ids</h3>
<div class=""section-inner"">
<div class=""empty-section"">
		empty	</div>
</div>
</div>"
151,IRCT20120215009014N354,recruiting,,"<div class=""section"">
<h3 id=""trial-secondary_id"">Secondary Ids</h3>
<div class=""section-inner"">
<div class=""empty-section"">
		empty	</div>
</div>
</div>"
152,IRCT20200128046294N2,Recruitment complete,2020-05-18,"<div class=""section"">
<h3 id=""trial-secondary_id"">Secondary Ids</h3>
<div class=""section-inner"">
<div class=""empty-section"">
		empty	</div>
</div>
</div>"
153,IRCT20200314046774N1,Recruitment complete,2020-06-13,"<div class=""section"">
<h3 id=""trial-secondary_id"">Secondary Ids</h3>
<div class=""section-inner"">
<div class=""empty-section"">
		empty	</div>
</div>
</div>"
154,IRCT20200324046850N3,Recruitment complete,,"<div class=""section"">
<h3 id=""trial-secondary_id"">Secondary Ids</h3>
<div class=""section-inner"">
<div class=""empty-section"">
		empty	</div>
</div>
</div>"
155,IRCT20180923041093N3,Recruitment complete,,"<div class=""section"">
<h3 id=""trial-secondary_id"">Secondary Ids</h3>
<div class=""section-inner"">
<div class=""empty-section"">
		empty	</div>
</div>
</div>"
156,IRCT20180923041093N4,Recruitment complete,,"<div class=""section"">
<h3 id=""trial-secondary_id"">Secondary Ids</h3>
<div class=""section-inner"">
<div class=""empty-section"">
		empty	</div>
</div>
</div>"
157,IRCT20200324046850N1,recruiting,,"<div class=""section"">
<h3 id=""trial-secondary_id"">Secondary Ids</h3>
<div class=""section-inner"">
<div class=""empty-section"">
		empty	</div>
</div>
</div>"
158,IRCT20200318046812N1,Recruitment complete,,"<div class=""section"">
<h3 id=""trial-secondary_id"">Secondary Ids</h3>
<div class=""section-inner"">
<div class=""empty-section"">
		empty	</div>
</div>
</div>"
159,IRCT20190810044500N5,recruiting,,"<div class=""section"">
<h3 id=""trial-secondary_id"">Secondary Ids</h3>
<div class=""section-inner"">
<div class=""empty-section"">
		empty	</div>
</div>
</div>"
160,IRCT20200401046909N1,recruiting,,"<div class=""section"">
<h3 id=""trial-secondary_id"">Secondary Ids</h3>
<div class=""section-inner"">
<div class=""empty-section"">
		empty	</div>
</div>
</div>"
161,IRCT20180725040596N2,recruiting,,"<div class=""section"">
<h3 id=""trial-secondary_id"">Secondary Ids</h3>
<div class=""section-inner"">
<div class=""empty-section"">
		empty	</div>
</div>
</div>"
162,IRCT20200404046947N1,Recruitment complete,,"<div class=""section"">
<h3 id=""trial-secondary_id"">Secondary Ids</h3>
<div class=""section-inner"">
<div class=""empty-section"">
		empty	</div>
</div>
</div>"
163,IRCT20151228025732N52,Recruitment complete,,"<div class=""section"">
<h3 id=""trial-secondary_id"">Secondary Ids</h3>
<div class=""section-inner"">
<div class=""empty-section"">
		empty	</div>
</div>
</div>"
164,IRCT20081027001411N3,Recruitment complete,,"<div class=""section"">
<h3 id=""trial-secondary_id"">Secondary Ids</h3>
<div class=""section-inner"">
<div class=""empty-section"">
		empty	</div>
</div>
</div>"
165,IRCT20091201002804N12,Recruitment complete,,"<div class=""section"">
<h3 id=""trial-secondary_id"">Secondary Ids</h3>
<div class=""section-inner"">
<div class=""empty-section"">
		empty	</div>
</div>
</div>"
166,IRCT20200401046909N2,recruiting,,"<div class=""section"">
<h3 id=""trial-secondary_id"">Secondary Ids</h3>
<div class=""section-inner"">
<div class=""empty-section"">
		empty	</div>
</div>
</div>"
167,IRCT20200217046526N1,Recruitment complete,2020-04-25,"<div class=""section"">
<h3 id=""trial-secondary_id"">Secondary Ids</h3>
<div class=""section-inner"">
<div class=""empty-section"">
		empty	</div>
</div>
</div>"
168,IRCT20200411047016N1,Recruitment complete,,"<div class=""section"">
<h3 id=""trial-secondary_id"">Secondary Ids</h3>
<div class=""section-inner"">
<div class=""empty-section"">
		empty	</div>
</div>
</div>"
169,IRCT20190727044343N3,Recruitment complete,,"<div class=""section"">
<h3 id=""trial-secondary_id"">Secondary Ids</h3>
<div class=""section-inner"">
<div class=""empty-section"">
		empty	</div>
</div>
</div>"
170,IRCT20200223046586N2,Recruitment complete,,"<div class=""section"">
<h3 id=""trial-secondary_id"">Secondary Ids</h3>
<div class=""section-inner"">
<div class=""empty-section"">
		empty	</div>
</div>
</div>"
171,IRCT20081019001369N6,recruiting,,"<div class=""section"">
<h3 id=""trial-secondary_id"">Secondary Ids</h3>
<div class=""section-inner"">
<div class=""empty-section"">
		empty	</div>
</div>
</div>"
172,IRCT20091012002582N21,Recruitment complete,,"<div class=""section"">
<h3 id=""trial-secondary_id"">Secondary Ids</h3>
<div class=""section-inner"">
<div class=""empty-section"">
		empty	</div>
</div>
</div>"
173,IRCT20200325046859N2,Recruitment complete,,"<div class=""section"">
<h3 id=""trial-secondary_id"">Secondary Ids</h3>
<div class=""section-inner"">
<div class=""empty-section"">
		empty	</div>
</div>
</div>"
174,IRCT20190418043307N1,Recruitment complete,,"<div class=""section"">
<h3 id=""trial-secondary_id"">Secondary Ids</h3>
<div class=""section-inner"">
<div class=""empty-section"">
		empty	</div>
</div>
</div>"
175,IRCT20200411047019N1,recruiting,,"<div class=""section"">
<h3 id=""trial-secondary_id"">Secondary Ids</h3>
<div class=""section-inner"">
<div class=""empty-section"">
		empty	</div>
</div>
</div>"
176,IRCT20150303021315N19,recruiting,,"<div class=""section"">
<h3 id=""trial-secondary_id"">Secondary Ids</h3>
<div class=""section-inner"">
<div class=""empty-section"">
		empty	</div>
</div>
</div>"
177,IRCT20080901001165N59,recruiting,,"<div class=""section"">
<h3 id=""trial-secondary_id"">Secondary Ids</h3>
<div class=""section-inner"">
<div class=""empty-section"">
		empty	</div>
</div>
</div>"
178,IRCT20200209046427N1,Recruitment complete,,"<div class=""section"">
<h3 id=""trial-secondary_id"">Secondary Ids</h3>
<div class=""section-inner"">
<div class=""empty-section"">
		empty	</div>
</div>
</div>"
179,IRCT20200428047228N1,Recruitment complete,,"<div class=""section"">
<h3 id=""trial-secondary_id"">Secondary Ids</h3>
<div class=""section-inner"">
<div class=""empty-section"">
		empty	</div>
</div>
</div>"
180,IRCT20200501047259N1,Recruitment complete,,"<div class=""section"">
<h3 id=""trial-secondary_id"">Secondary Ids</h3>
<div class=""section-inner"">
<div class=""empty-section"">
		empty	</div>
</div>
</div>"
181,IRCT20200115046144N2,recruiting,,"<div class=""section"">
<h3 id=""trial-secondary_id"">Secondary Ids</h3>
<div class=""section-inner"">
<div class=""empty-section"">
		empty	</div>
</div>
</div>"
182,IRCT20131129015584N3,Recruitment complete,,"<div class=""section"">
<h3 id=""trial-secondary_id"">Secondary Ids</h3>
<div class=""section-inner"">
<div class=""empty-section"">
		empty	</div>
</div>
</div>"
183,IRCT20150107020592N25,Recruitment complete,,"<div class=""section"">
<h3 id=""trial-secondary_id"">Secondary Ids</h3>
<div class=""section-inner"">
<div class=""empty-section"">
		empty	</div>
</div>
</div>"
184,IRCT20200502047268N1,recruiting,,"<div class=""section"">
<h3 id=""trial-secondary_id"">Secondary Ids</h3>
<div class=""section-inner"">
<div class=""empty-section"">
		empty	</div>
</div>
</div>"
185,IRCT20200503047280N1,recruiting,,"<div class=""section"">
<h3 id=""trial-secondary_id"">Secondary Ids</h3>
<div class=""section-inner"">
<div class=""empty-section"">
		empty	</div>
</div>
</div>"
186,IRCT20200418047126N1,Recruitment complete,,"<div class=""section"">
<h3 id=""trial-secondary_id"">Secondary Ids</h3>
<div class=""section-inner"">
<div class=""empty-section"">
		empty	</div>
</div>
</div>"
187,IRCT20200405046951N1,recruiting,,"<div class=""section"">
<h3 id=""trial-secondary_id"">Secondary Ids</h3>
<div class=""section-inner"">
<div class=""empty-section"">
		empty	</div>
</div>
</div>"
188,IRCT20170211032494N3,Recruitment complete,,"<div class=""section"">
<h3 id=""trial-secondary_id"">Secondary Ids</h3>
<div class=""section-inner"">
<div class=""empty-section"">
		empty	</div>
</div>
</div>"
189,IRCT20081011001323N25,recruiting,,"<div class=""section"">
<h3 id=""trial-secondary_id"">Secondary Ids</h3>
<div class=""section-inner"">
<div class=""empty-section"">
		empty	</div>
</div>
</div>"
190,IRCT20200421047150N1,recruiting,,"<div class=""section"">
<h3 id=""trial-secondary_id"">Secondary Ids</h3>
<div class=""section-inner"">
<div class=""empty-section"">
		empty	</div>
</div>
</div>"
191,IRCT20180923041093N6,Recruitment complete,,"<div class=""section"">
<h3 id=""trial-secondary_id"">Secondary Ids</h3>
<div class=""section-inner"">
<div class=""empty-section"">
		empty	</div>
</div>
</div>"
192,IRCT20200509047360N1,Recruitment complete,,"<div class=""section"">
<h3 id=""trial-secondary_id"">Secondary Ids</h3>
<div class=""section-inner"">
<div class=""empty-section"">
		empty	</div>
</div>
</div>"
193,IRCT20140428017469N1,recruiting,,"<div class=""section"">
<h3 id=""trial-secondary_id"">Secondary Ids</h3>
<div class=""section-inner"">
<div class=""empty-section"">
		empty	</div>
</div>
</div>"
194,IRCT20200506047323N2,recruiting,,"<div class=""section"">
<h3 id=""trial-secondary_id"">Secondary Ids</h3>
<div class=""section-inner"">
<div class=""empty-section"">
		empty	</div>
</div>
</div>"
195,IRCT20200509047373N1,recruiting,,"<div class=""section"">
<h3 id=""trial-secondary_id"">Secondary Ids</h3>
<div class=""section-inner"">
<div class=""empty-section"">
		empty	</div>
</div>
</div>"
196,IRCT20151227025726N15,recruiting,,"<div class=""section"">
<h3 id=""trial-secondary_id"">Secondary Ids</h3>
<div class=""section-inner"">
<div class=""empty-section"">
		empty	</div>
</div>
</div>"
197,IRCT20150716023235N15,recruiting,,"<div class=""section"">
<h3 id=""trial-secondary_id"">Secondary Ids</h3>
<div class=""section-inner"">
<div class=""empty-section"">
		empty	</div>
</div>
</div>"
198,IRCT20200510047383N1,recruiting,,"<div class=""section"">
<h3 id=""trial-secondary_id"">Secondary Ids</h3>
<div class=""section-inner"">
<div class=""empty-section"">
		empty	</div>
</div>
</div>"
199,IRCT20120215009014N355,recruiting,,"<div class=""section"">
<h3 id=""trial-secondary_id"">Secondary Ids</h3>
<div class=""section-inner"">
<div class=""empty-section"">
		empty	</div>
</div>
</div>"
200,IRCT20200511047396N1,recruiting,,"<div class=""section"">
<h3 id=""trial-secondary_id"">Secondary Ids</h3>
<div class=""section-inner"">
<div class=""empty-section"">
		empty	</div>
</div>
</div>"
201,IRCT20170731035423N2,recruiting,,"<div class=""section"">
<h3 id=""trial-secondary_id"">Secondary Ids</h3>
<div class=""section-inner"">
<div class=""empty-section"">
		empty	</div>
</div>
</div>"
202,IRCT20090609002017N35,Recruitment complete,,"<div class=""section"">
<h3 id=""trial-secondary_id"">Secondary Ids</h3>
<div class=""section-inner"">
<div class=""empty-section"">
		empty	</div>
</div>
</div>"
203,IRCT20080901001165N55,recruiting,,"<div class=""section"">
<h3 id=""trial-secondary_id"">Secondary Ids</h3>
<div class=""section-inner"">
<div class=""empty-section"">
		empty	</div>
</div>
</div>"
204,IRCT20080901001165N53,recruiting,,"<div class=""section"">
<h3 id=""trial-secondary_id"">Secondary Ids</h3>
<div class=""section-inner"">
<div class=""empty-section"">
		empty	</div>
</div>
</div>"
205,IRCT20200428047228N2,Recruitment complete,,"<div class=""section"">
<h3 id=""trial-secondary_id"">Secondary Ids</h3>
<div class=""section-inner"">
<div class=""empty-section"">
		empty	</div>
</div>
</div>"
206,IRCT20080901001165N60,recruiting,,"<div class=""section"">
<h3 id=""trial-secondary_id"">Secondary Ids</h3>
<div class=""section-inner"">
<div class=""empty-section"">
		empty	</div>
</div>
</div>"
207,IRCT20200506047323N1,recruiting,,"<div class=""section"">
<h3 id=""trial-secondary_id"">Secondary Ids</h3>
<div class=""section-inner"">
<div class=""empty-section"">
		empty	</div>
</div>
</div>"
208,IRCT20080901001165N56,recruiting,,"<div class=""section"">
<h3 id=""trial-secondary_id"">Secondary Ids</h3>
<div class=""section-inner"">
<div class=""empty-section"">
		empty	</div>
</div>
</div>"
209,IRCT20200405046960N2,recruiting,,"<div class=""section"">
<h3 id=""trial-secondary_id"">Secondary Ids</h3>
<div class=""section-inner"">
<div class=""subsection"">
<h4 class=""subsection-label"">1</h4>
<dl class=""dl-horizontal dl-subsection"">
<dt class="""">
				Registry name			</dt>
<dd class=""field"">
</dd>
<dt class="""">
				Secondary trial Id			</dt>
<dd class=""field"">
</dd>
<dt class="""">
				Registration date			</dt>
<dd class=""field"">
<div class=""empty-field"">
		empty	</div>
</dd>
</dl>
</div>
</div>
</div>"
210,IRCT20200516047462N1,Recruitment complete,,"<div class=""section"">
<h3 id=""trial-secondary_id"">Secondary Ids</h3>
<div class=""section-inner"">
<div class=""empty-section"">
		empty	</div>
</div>
</div>"
211,IRCT20151227025726N17,Recruitment complete,,"<div class=""section"">
<h3 id=""trial-secondary_id"">Secondary Ids</h3>
<div class=""section-inner"">
<div class=""empty-section"">
		empty	</div>
</div>
</div>"
212,IRCT20200516047468N1,Recruitment complete,,"<div class=""section"">
<h3 id=""trial-secondary_id"">Secondary Ids</h3>
<div class=""section-inner"">
<div class=""empty-section"">
		empty	</div>
</div>
</div>"
213,IRCT20150107020592N23,Recruitment complete,,"<div class=""section"">
<h3 id=""trial-secondary_id"">Secondary Ids</h3>
<div class=""section-inner"">
<div class=""empty-section"">
		empty	</div>
</div>
</div>"
214,IRCT20160809029275N1,recruiting,,"<div class=""section"">
<h3 id=""trial-secondary_id"">Secondary Ids</h3>
<div class=""section-inner"">
<div class=""empty-section"">
		empty	</div>
</div>
</div>"
215,IRCT20151226025699N3,Recruitment complete,,"<div class=""section"">
<h3 id=""trial-secondary_id"">Secondary Ids</h3>
<div class=""section-inner"">
<div class=""empty-section"">
		empty	</div>
</div>
</div>"
216,IRCT20180608040007N2,Recruitment complete,,"<div class=""section"">
<h3 id=""trial-secondary_id"">Secondary Ids</h3>
<div class=""section-inner"">
<div class=""empty-section"">
		empty	</div>
</div>
</div>"
217,IRCT20200517047485N1,recruiting,,"<div class=""section"">
<h3 id=""trial-secondary_id"">Secondary Ids</h3>
<div class=""section-inner"">
<div class=""empty-section"">
		empty	</div>
</div>
</div>"
218,IRCT20150107020592N22,Recruitment complete,,"<div class=""section"">
<h3 id=""trial-secondary_id"">Secondary Ids</h3>
<div class=""section-inner"">
<div class=""empty-section"">
		empty	</div>
</div>
</div>"
219,IRCT20200518047497N1,recruiting,,"<div class=""section"">
<h3 id=""trial-secondary_id"">Secondary Ids</h3>
<div class=""section-inner"">
<div class=""empty-section"">
		empty	</div>
</div>
</div>"
220,IRCT20200519047510N1,Recruitment complete,,"<div class=""section"">
<h3 id=""trial-secondary_id"">Secondary Ids</h3>
<div class=""section-inner"">
<div class=""empty-section"">
		empty	</div>
</div>
</div>"
221,IRCT20151227025726N18,recruiting,,"<div class=""section"">
<h3 id=""trial-secondary_id"">Secondary Ids</h3>
<div class=""section-inner"">
<div class=""empty-section"">
		empty	</div>
</div>
</div>"
222,IRCT20161206031256N3,recruiting,,"<div class=""section"">
<h3 id=""trial-secondary_id"">Secondary Ids</h3>
<div class=""section-inner"">
<div class=""empty-section"">
		empty	</div>
</div>
</div>"
223,IRCT20080901001165N58,Recruitment complete,,"<div class=""section"">
<h3 id=""trial-secondary_id"">Secondary Ids</h3>
<div class=""section-inner"">
<div class=""empty-section"">
		empty	</div>
</div>
</div>"
224,IRCT20160126026217N4,recruiting,,"<div class=""section"">
<h3 id=""trial-secondary_id"">Secondary Ids</h3>
<div class=""section-inner"">
<div class=""empty-section"">
		empty	</div>
</div>
</div>"
225,IRCT20200422047168N2,recruiting,,"<div class=""section"">
<h3 id=""trial-secondary_id"">Secondary Ids</h3>
<div class=""section-inner"">
<div class=""empty-section"">
		empty	</div>
</div>
</div>"
226,IRCT20200525047562N1,recruiting,,"<div class=""section"">
<h3 id=""trial-secondary_id"">Secondary Ids</h3>
<div class=""section-inner"">
<div class=""empty-section"">
		empty	</div>
</div>
</div>"
227,IRCT20200523047550N1,Recruitment complete,2020-05-25,"<div class=""section"">
<h3 id=""trial-secondary_id"">Secondary Ids</h3>
<div class=""section-inner"">
<div class=""empty-section"">
		empty	</div>
</div>
</div>"
228,IRCT20150107020592N24,Recruitment complete,,"<div class=""section"">
<h3 id=""trial-secondary_id"">Secondary Ids</h3>
<div class=""section-inner"">
<div class=""empty-section"">
		empty	</div>
</div>
</div>"
229,IRCT20200518047497N2,recruiting,,"<div class=""section"">
<h3 id=""trial-secondary_id"">Secondary Ids</h3>
<div class=""section-inner"">
<div class=""empty-section"">
		empty	</div>
</div>
</div>"
230,IRCT20120703010178N20,recruiting,,"<div class=""section"">
<h3 id=""trial-secondary_id"">Secondary Ids</h3>
<div class=""section-inner"">
<div class=""empty-section"">
		empty	</div>
</div>
</div>"
231,IRCT20200412047042N1,recruiting,,"<div class=""section"">
<h3 id=""trial-secondary_id"">Secondary Ids</h3>
<div class=""section-inner"">
<div class=""empty-section"">
		empty	</div>
</div>
</div>"
